First Name,Last Name,Profile Type,Company,Job Title,Address,Address 2,City,State,Country,Postal Code,Home Email,Business Email,Home Phone,Fax Phone,Business Phone,Cell Phone,Undefined,Guest ID,Confirmation Number,Arrival Date,Departure Date,Indicator 1,Indicator 2,Indicator 3,Indicator 4,Indicator 5,Indicator 6,Indicator 7,Indicator 8,Indicator 9,Indicator 10
Bob,Simmons,TRAN,,,,,,,,,,,,,,,,004UXWIC6A,R04837,2/11/2007,2/12/2007,,,,,,,,,,
Lenore,Stone,INTER,,,Get,,Sarasota,FL,USA,34243,,,get,,,,,00F7IFTSH9,R0413E,2/11/2007,2/13/2007,,,,,,,,,,
Carl,Bowen,TRAN,,,106 Sodom Tr,,Exeter,RI,USA,2822,ckbowen@cox.net,,401-742-1959,,,,,00J6S3YBXJ,R045D2.1,2/11/2007,2/12/2007,,,,,,,,,,
Manny,Benton,TRAN,,,,,,,,,,,,,,,,00JUARPSA9,R04835,2/11/2007,2/12/2007,,,,,,,,,,
ANDREA,BEAN,SOCIAL,,MRS,34 KIPLING ROAD,,WEYMOUTH,MA,,2190,,,7813353352,,,,,009IE54E5P,R04836,2/11/2007,2/12/2007,,,,,,,,,,
Murry,Goldman,CORP,Corporate Lodging Consultants,,8110 E 32nd Street North,Suite 200,Wichita,KS,USA,67226,,,9413552781,,,,,0081L3T96Y,R02D3F.3,2/11/2007,2/12/2007,,,,,,,,,,
Joe,Williams,TRAN,,,,,,,,,,,,,,,,00EEP6KOL7,R04838,2/11/2007,2/12/2007,,,,,,,,,,
Suzanne,Credit,INTER,Committee To Elect Michael S. LaFevers,Dr,Jones,Popo,Sarasota,FL,USA,34243,beanrgg@yahoo.com,,2155420571,8886541592,,5455669556,,00X58NAZ1V,R04032,2/15/2007,2/17/2007,,,,,,,,,,
Ottmar,Thomas,TRAN,,,532 Lenox St,,Stroudsburg,PA,USA,18360,,,570-421-6614,,,,,00KBBDCMDA,R02BF6,2/15/2007,5/15/2007,,,,,,,,,,
Murry,Goldman,CORP,Corporate Lodging Consultants,,8110 E 32nd Street North,Suite 200,Wichita,KS,USA,67226,,,9413552781,,,,,0081L3T96Y,R02D3F.4,2/17/2007,2/18/2007,,,,,,,,,,
Debbie,Talbott,TRAN,,,848 Exective Dr,,Oviedo,FL,USA,32765,,,239 5938807,,,,,005N6MYDWY,R039D7,2/21/2007,2/22/2007,,,,,,,,,,
Murry,Goldman,CORP,Corporate Lodging Consultants,,8110 E 32nd Street North,Suite 200,Wichita,KS,USA,67226,,,9413552781,,,,,0081L3T96Y,R02D3F.1,2/21/2007,2/22/2007,,,,,,,,,,
Loretta,Peterson,TRAN,,,9575 Devils Lake High Way Lot#,,Manitou Beach,MI,USA,49253,,,517-547-3985,,,,,009BSX1SVY,R0447A,2/22/2007,2/24/2007,,,,,,,,,,
Melanie,Willaughby,TRAN,,,930 Paoli Road,,Carlton,GA,USA,30627,,,706-797-3790,,,,,00ZGR1G1BE,R04132,2/23/2007,2/26/2007,,,,,,,,,,
Murry,Goldman,CORP,Corporate Lodging Consultants,,8110 E 32nd Street North,Suite 200,Wichita,KS,USA,67226,,,9413552781,,,,,0081L3T96Y,R02D3F.6,2/24/2007,2/25/2007,,,,,,,,,,
Carl,Bowen,TRAN,,,106 Sodom Tr,,Exeter,RI,USA,2822,ckbowen@cox.net,,401-742-1959,,,,,00J6S3YBXJ,R045D2.2,2/24/2007,2/25/2007,,,,,,,,,,
Chandra,Woods,CORP,,,11728 Shirburn Cir,,Parrish,FL,USA,34219,,,447-6796,,,,,008BR9FOWU,R04719,2/24/2007,2/25/2007,,,,,,,,,,
