First Name,Last Name,Salutation,Profile Type,Company,Job Title,Address,Address 2,City,State,Country,Postal Code,Home Email,Home Phone,Fax Phone,Business Phone,Guest ID,Confirmation Number,Arrival Date,Departure Date,
Elke Theresia,Voetmann,Mrs.,,,,Am Sportplate 4,,Alpen,,DE,,voetimail@t.online.de,4.91609E+12,,,2320753,1080096,15/01/2012,16/01/2012,
K,Fukai,Mr.,,,,,,,,JP,,,,,,2389652,1148905,15/01/2012,17/01/2012,
Santiago,Oli Alejos,Mr.,,AMEX Platinum - Pay 3 Stay 4,,Joan D'Alos 28,,Barcelona,,ES,,santiago@lesmahandling.com,34678736858,,,2421599,1179827,15/01/2012,20/01/2012,
Maria Hernandez,Oli Borrego,Ms.,,AMEX Platinum - Pay 3 Stay 4,,Juan de Alos,,Barcelona,,ES,,mariajesus@lesmahandling.com,34637829999,,,3002117,1179828,15/01/2012,20/01/2012,
Donald,Zajick,Mr.,,,,3528 Arcadia LN,,Collegeville,PA,US,19426,Donz@norissales.com,,,,2424925,1183599,15/01/2012,19/01/2012,
Alla,Sitnikova,Mrs.,,,,Pesochnaya emb. 18-13,,St Petersberg,,RU,197022,alexandrova.oliya@gmail.com,,,,1846912,1190536,15/01/2012,22/01/2012,
Abdulghani Ahmed,El Ajou,Mr.,,,,El Ajou Group Trading Co.,PO Box 78,Riyadh,,SA,11411,aga935@gmail.com,96614560134,9.66412E+13,,1392118,1205044,15/01/2012,23/01/2012,
Grigory,Anikeev,Mr.,,,,,,Valdimir,,RU,,haddy85@rombler.ru,,,,1908516,1207752,15/01/2012,20/01/2012,
F,Zoffoli,Mr.,,,,,,,,XX,,,,,,2480175,1238876,15/01/2012,20/01/2012,
Jiang Xiang,Shi,Mr.,,,,,,,,CN,,,,,,2495923,1253761,15/01/2012,16/01/2012,
Geraldo,Zabala,Mr.,,,,,,,,XX,,,,,,2507201,1264698,15/01/2012,16/01/2012,
Carolina,Zabala,Ms.,,,,,,,,XX,,,,,,2507449,1265195,15/01/2012,16/01/2012,
Tony,Johnson,Mr.,,,,M tech,,6812,,AE,,tony@mtech.net,,,,2595385,1392502,15/01/2012,18/01/2012,
Xiu,Chen,Ms.,,,,,,,,CN,,,,,,2758945,1535585,15/01/2012,16/01/2012,
Dan,Xu,Ms.,,,,,,,,CN,,,,,,2781449,1535588,15/01/2012,16/01/2012,
Manfred,Zappe,Mr.,,,,Blattneiweg 21,,Kaufbeuren,BA,DE,87600,manfred-zappe@t.online.de,49834164184,49834162794,,845519,1661093,15/01/2012,18/01/2012,
Soekianto,Sosrodjojo,Mr.,,Jumeirah,,,,,,ID,,,,,,2933788,1748946,15/01/2012,17/01/2012,
Soejani,Sosrodjojo,Mr.,,Jumeirah,,,,,,ID,,,,,,2934054,1748970,15/01/2012,17/01/2012,
Sukowati,Sosrodjojo,Mr.,,Jumeirah,,Tampak Siring,Kebpa Gading,Jakarta,,ID,14240,sko@rekjo.com,,,,2218946,1748995,15/01/2012,17/01/2012,
Juan,Zhao,Ms.,,,,,,,,,,,,,,3036964,1750139,15/01/2012,16/01/2012,
Bangshu,Yan,Mr.,,,,,,,,XX,,,,,,2935241,1750140,15/01/2012,16/01/2012,
Jeson,Miller,Mr.,,,,,,,,XX,,,,,,2936986,1751829,15/01/2012,18/01/2012,
Kamila,Juszczyk,Ms.,,,,,,,,AE,,,,,,2939092,1751851,15/01/2012,21/01/2012,
Kamila,Juszczyk,Ms.,,,,,,,,AE,,,,,,2939092,1755197,15/01/2012,21/01/2012,
Irina,Dyachenko,Mrs.,,,,,,,,RU,,,,,,2941372,1755430,15/01/2012,19/01/2012,
Gon,Bernardo,Mr.,,,,,,,,XX,,,,,,2941825,1757018,15/01/2012,19/01/2012,
Irina,Dyachenko,Mrs.,,,,Office 67,Obl Razvilka 44 64,Moscowskaya,,RU,350000,d.u.v.171@gmail.com,89167813815,78612739301,,944927,1761469,15/01/2012,23/01/2012,
Stephen Lee,Pitts,Mr.,,,,,,London,,UK,,stephen.pitts@me.com,,,,2935612,1761912,15/01/2012,16/01/2012,
Erick,Morillo,Mr.,,,,5660 La Gorce Drive Miami Florida,,Miami Beach,FL,US,33140,peter@slipmat.tv,12018665340,12018665444,,773620,1775946,15/01/2012,16/01/2012,
Zhe,Cheng,Mr.,,,,,,,,CN,,,,,,2967517,1779710,15/01/2012,16/01/2012,
Yuanqing,Chen,Ms.,,,,,,,,CN,,,,,,2973017,1806762,15/01/2012,16/01/2012,
Tianyong,Lei,Mr.,,,,,,,,CN,,,,,,2973021,1806763,15/01/2012,16/01/2012,
.,Filmworks Production,Mr.,,,,,,,,XX,,,,,,3020941,1848115,15/01/2012,17/01/2012,
German,Tkachenko,Mr.,,,,12 25 Prechidhe,,Moscow,,RU,,tkachenko@lottie.ru,70957205019,,,824213,1855987,15/01/2012,18/01/2012,
Juan,Machuca,Mr.,,,,,,,,XX,,juandiegomachuca@hotmail.com,,,,3035206,1859394,15/01/2012,16/01/2012,
Khaled,Al Mazrooei,Mr.,,,,,,,,AE,,bowaled170@hotmail.com,,,,1667484,1859708,15/01/2012,16/01/2012,
Yasmin Sait,Armstrong,Ms.,,,,,,Nambour,,AU,,,,,,3034499,1859748,15/01/2012,16/01/2012,
Fernando,Tonarelli,Mr.,,,,11965 Cameo PL,,Granada Hills,CA,US,91344,fot1994@HOTMAIL.COM,18186791010,,,3037792,1861701,15/01/2012,16/01/2012,
Kevin,McConkey,Mr.,,,,,,,,US,,,,,,3038313,1861982,15/01/2012,17/01/2012,
Yangang,Zhu,Mr.,,,,,,,,XX,,,,,,3038390,1862062,15/01/2012,16/01/2012,
Yangang,Zhu,Mr.,,,,No15 Ma jia Bao West road.,,Beijing,,CN,100001,lujia1963@163.com,,,,2153748,1862243,15/01/2012,16/01/2012,
Jingbo,Li,Mr.,,,,,,,,AE,,,,,,3034740,1862244,15/01/2012,16/01/2012,
Huan,Liang,Mr.,,,,,,,,CN,,,,,,3038395,1862246,15/01/2012,16/01/2012,
Yang,Zhao,Mr.,,,,,,,,AE,,,,,,3034744,1862247,15/01/2012,16/01/2012,
Cheick Oumar,Kone,Mr.,,,,,,,,XX,,,,,,3034757,1862259,15/01/2012,17/01/2012,
